datetime;voltage;label;truth
2018-12-14 00:00:00;233.9;0;-1
2018-12-14 00:01:00;234.1;0;-1
2018-12-14 00:02:00;234.3;0;-1
2018-12-14 00:03:00;234.5;0;-1
2018-12-14 00:04:00;234.53333333333333;0;-1
2018-12-14 00:05:00;234.56666666666663;0;-1
2018-12-14 00:06:00;234.6;0;-1
2018-12-14 00:07:00;234.46666666666667;0;-1
2018-12-14 00:08:00;234.3333333333333;0;-1
2018-12-14 00:09:00;234.2;0;-1
2018-12-14 00:10:00;234.36666666666665;0;-1
2018-12-14 00:11:00;234.53333333333333;0;-1
2018-12-14 00:12:00;234.7;0;-1
2018-12-14 00:13:00;234.76666666666665;0;-1
2018-12-14 00:14:00;234.83333333333331;0;-1
2018-12-14 00:15:00;234.9;0;-1
2018-12-14 00:16:00;234.8;0;-1
2018-12-14 00:17:00;234.7;0;-1
2018-12-14 00:18:00;234.6;0;-1
2018-12-14 00:19:00;234.63333333333333;0;-1
2018-12-14 00:20:00;234.66666666666663;0;-1
2018-12-14 00:21:00;234.7;0;-1
2018-12-14 00:22:00;234.7333333333333;0;-1
2018-12-14 00:23:00;234.76666666666668;0;-1
2018-12-14 00:24:00;234.8;0;-1
2018-12-14 00:25:00;234.7;0;-1
2018-12-14 00:26:00;234.6;0;-1
2018-12-14 00:27:00;234.5;0;-1
2018-12-14 00:28:00;234.58333333333331;0;-1
2018-12-14 00:29:00;234.66666666666663;0;-1
2018-12-14 00:30:00;234.75;0;-1
2018-12-14 00:31:00;234.83333333333331;0;-1
2018-12-14 00:32:00;234.91666666666663;0;-1
2018-12-14 00:33:00;235.0;0;-1
2018-12-14 00:34:00;234.2;0;-1
2018-12-14 00:35:00;233.4;0;-1
2018-12-14 00:36:00;232.6;0;-1
2018-12-14 00:37:00;231.53333333333333;0;-1
2018-12-14 00:38:00;230.46666666666667;0;-1
2018-12-14 00:39:00;229.4;0;-1
2018-12-14 00:40:00;229.4333333333333;0;-1
2018-12-14 00:41:00;229.46666666666667;0;-1
2018-12-14 00:42:00;229.5;0;-1
2018-12-14 00:43:00;229.56666666666663;0;-1
2018-12-14 00:44:00;229.63333333333333;0;-1
2018-12-14 00:45:00;229.7;0;-1
2018-12-14 00:46:00;229.8;0;-1
2018-12-14 00:47:00;229.9;0;-1
2018-12-14 00:48:00;230.0;0;-1
2018-12-14 00:49:00;230.2333333333333;0;-1
2018-12-14 00:50:00;230.46666666666667;0;-1
2018-12-14 00:51:00;230.7;0;-1
2018-12-14 00:52:00;230.8;0;-1
2018-12-14 00:53:00;230.9;0;-1
2018-12-14 00:54:00;231.0;0;-1
2018-12-14 00:55:00;230.96666666666667;0;-1
2018-12-14 00:56:00;230.9333333333333;0;-1
2018-12-14 00:57:00;230.9;0;-1
2018-12-14 00:58:00;230.83333333333331;0;-1
2018-12-14 00:59:00;230.76666666666665;0;-1
2018-12-14 01:00:00;230.7;0;-1
2018-12-14 01:01:00;230.66666666666663;0;-1
2018-12-14 01:02:00;230.63333333333333;0;-1
2018-12-14 01:03:00;230.6;0;-1
2018-12-14 01:04:00;230.63333333333333;0;-1
2018-12-14 01:05:00;230.66666666666663;0;-1
2018-12-14 01:06:00;230.7;0;-1
2018-12-14 01:07:00;230.96666666666667;0;-1
2018-12-14 01:08:00;231.2333333333333;0;-1
2018-12-14 01:09:00;231.5;0;-1
2018-12-14 01:10:00;231.5857142857143;0;-1
2018-12-14 01:11:00;231.67142857142858;0;-1
2018-12-14 01:12:00;231.75714285714287;0;-1
2018-12-14 01:13:00;231.84285714285718;0;-1
2018-12-14 01:14:00;231.92857142857144;0;-1
2018-12-14 01:15:00;232.0142857142857;0;-1
2018-12-14 01:16:00;232.1;0;-1
2018-12-14 01:17:00;231.95;0;-1
2018-12-14 01:18:00;231.8;0;-1
2018-12-14 01:19:00;231.83333333333331;0;-1
2018-12-14 01:20:00;231.86666666666667;0;-1
2018-12-14 01:21:00;231.9;0;-1
2018-12-14 01:22:00;232.1;0;-1
2018-12-14 01:23:00;232.3;0;-1
2018-12-14 01:24:00;232.5;0;-1
2018-12-14 01:25:00;232.33333333333331;0;-1
2018-12-14 01:26:00;232.16666666666663;0;-1
2018-12-14 01:27:00;232.0;0;-1
2018-12-14 01:28:00;231.9;0;-1
2018-12-14 01:29:00;231.8;0;-1
2018-12-14 01:30:00;231.7;0;-1
2018-12-14 01:31:00;231.7333333333333;0;-1
2018-12-14 01:32:00;231.76666666666668;0;-1
2018-12-14 01:33:00;231.8;0;-1
2018-12-14 01:34:00;231.83333333333331;0;-1
2018-12-14 01:35:00;231.86666666666667;0;-1
2018-12-14 01:36:00;231.9;0;-1
2018-12-14 01:37:00;232.26666666666668;0;-1
2018-12-14 01:38:00;232.63333333333333;0;-1
2018-12-14 01:39:00;233.0;0;-1
2018-12-14 01:40:00;233.13333333333333;0;-1
2018-12-14 01:41:00;233.26666666666668;0;-1
2018-12-14 01:42:00;232.5662278149388;0;-1
2018-12-14 01:43:00;232.0530980647446;0;-1
2018-12-14 01:44:00;232.03505910951458;0;-1
2018-12-14 01:45:00;231.99555347900426;0;-1
2018-12-14 01:46:00;231.50520607011964;0;-1
2018-12-14 01:47:00;230.88346529437766;0;-1
2018-12-14 01:48:00;230.3589673932661;0;-1
2018-12-14 01:49:00;229.87263257525575;0;-1
2018-12-14 01:50:00;229.38396032650508;0;-1
2018-12-14 01:51:00;229.21530306405305;0;-1
2018-12-14 01:52:00;227.7685855875007;0;-1
2018-12-14 01:53:00;227.74693141044705;0;-1
2018-12-14 01:54:00;227.2737525123051;0;-1
2018-12-14 01:55:00;226.1718166404844;0;-1
2018-12-14 01:56:00;226.0122639306904;0;-1
2018-12-14 01:57:00;225.10528535796368;0;-1
2018-12-14 01:58:00;224.63868260041187;0;-1
2018-12-14 01:59:00;224.53705541523084;0;-1
2018-12-14 02:00:00;223.95055100251614;0;-1
2018-12-14 02:01:00;223.65849888130242;0;-1
2018-12-14 02:02:00;223.5125662668288;0;-1
2018-12-14 02:03:00;222.8955062205205;0;-1
2018-12-14 02:04:00;221.752272566957;0;-1
2018-12-14 02:05:00;222.4398276825983;0;-1
2018-12-14 02:06:00;223.469926948512;0;-1
2018-12-14 02:07:00;224.40766297701825;0;-1
2018-12-14 02:08:00;225.7935440844392;0;-1
2018-12-14 02:09:00;228.53563884643054;0;-1
2018-12-14 02:10:00;228.72788602836394;0;-1
2018-12-14 02:11:00;230.03432272808013;0;-1
2018-12-14 02:12:00;233.1;0;-1
2018-12-14 02:13:00;233.06666666666663;0;-1
2018-12-14 02:14:00;233.03333333333333;0;-1
2018-12-14 02:15:00;233.0;0;-1
2018-12-14 02:16:00;233.0;0;-1
2018-12-14 02:17:00;233.0;0;-1
2018-12-14 02:18:00;233.0;0;-1
2018-12-14 02:19:00;232.96666666666667;0;-1
2018-12-14 02:20:00;232.9333333333333;0;-1
2018-12-14 02:21:00;232.9;0;-1
2018-12-14 02:22:00;232.6;0;-1
2018-12-14 02:23:00;232.3;0;-1
2018-12-14 02:24:00;232.0;0;-1
2018-12-14 02:25:00;232.1;0;-1
2018-12-14 02:26:00;232.2;0;-1
2018-12-14 02:27:00;232.3;0;-1
2018-12-14 02:28:00;232.66666666666669;0;-1
2018-12-14 02:29:00;233.03333333333333;0;-1
2018-12-14 02:30:00;233.4;0;-1
2018-12-14 02:31:00;233.4333333333333;0;-1
2018-12-14 02:32:00;233.46666666666667;0;-1
2018-12-14 02:33:00;233.5;0;-1
2018-12-14 02:34:00;233.4333333333333;0;-1
2018-12-14 02:35:00;233.36666666666667;0;-1
2018-12-14 02:36:00;233.3;0;-1
2018-12-14 02:37:00;233.33333333333331;0;-1
2018-12-14 02:38:00;233.36666666666667;0;-1
2018-12-14 02:39:00;233.4;0;-1
2018-12-14 02:40:00;233.4;0;-1
2018-12-14 02:41:00;233.4;0;-1
2018-12-14 02:42:00;233.4;0;-1
2018-12-14 02:43:00;233.425;0;-1
2018-12-14 02:44:00;233.45;0;-1
2018-12-14 02:45:00;233.475;0;-1
2018-12-14 02:46:00;233.5;0;-1
2018-12-14 02:47:00;233.28;0;-1
2018-12-14 02:48:00;233.06;0;-1
2018-12-14 02:49:00;232.84;0;-1
2018-12-14 02:50:00;232.62;0;-1
2018-12-14 02:51:00;232.4;0;-1
2018-12-14 02:52:00;232.56666666666663;0;-1
2018-12-14 02:53:00;232.73333333333332;0;-1
2018-12-14 02:54:00;232.9;0;-1
2018-12-14 02:55:00;233.03333333333333;0;-1
2018-12-14 02:56:00;233.16666666666669;0;-1
2018-12-14 02:57:00;233.3;0;-1
2018-12-14 02:58:00;233.13333333333333;0;-1
2018-12-14 02:59:00;232.96666666666667;0;-1
2018-12-14 03:00:00;232.8;0;-1
2018-12-14 03:01:00;232.9333333333333;0;-1
2018-12-14 03:02:00;233.06666666666663;0;-1
2018-12-14 03:03:00;233.2;0;-1
2018-12-14 03:04:00;233.2;0;-1
2018-12-14 03:05:00;233.2;0;0
2018-12-14 03:06:00;233.2;0;-1
2018-12-14 03:07:00;233.1;0;-1
2018-12-14 03:08:00;230.71092749285373;2;1
2018-12-14 03:09:00;230.03509998800502;2;-1
2018-12-14 03:10:00;229.72336546699296;2;-1
2018-12-14 03:11:00;229.61668266272343;2;-1
2018-12-14 03:12:00;228.70919046387954;2;-1
2018-12-14 03:13:00;228.45747206660528;2;-1
2018-12-14 03:14:00;227.42181010930375;2;-1
2018-12-14 03:15:00;226.9023513355632;2;-1
2018-12-14 03:16:00;223.83296494570843;2;-1
2018-12-14 03:17:00;223.63518189645114;2;-1
2018-12-14 03:18:00;223.25950984705727;2;-1
2018-12-14 03:19:00;223.1129289520736;2;-1
2018-12-14 03:20:00;222.30265069861102;2;-1
2018-12-14 03:21:00;220.9609825128407;2;-1
2018-12-14 03:22:00;220.49797091760152;2;-1
2018-12-14 03:23:00;218.51453949428935;2;-1
2018-12-14 03:24:00;217.59861779903463;2;-1
2018-12-14 03:25:00;215.93803543796426;2;-1
2018-12-14 03:26:00;214.55956531772785;2;1
2018-12-14 03:27:00;214.36948235319588;1;0
2018-12-14 03:28:00;214.38127979152873;0;-1
2018-12-14 03:29:00;217.2807167566353;0;-1
2018-12-14 03:30:00;219.38045886767796;0;-1
2018-12-14 03:31:00;221.65342859247426;0;-1
2018-12-14 03:32:00;226.1007500151035;0;-1
2018-12-14 03:33:00;226.43088080299447;0;-1
2018-12-14 03:34:00;226.9471107506305;0;-1
2018-12-14 03:35:00;227.06577618160907;0;-1
2018-12-14 03:36:00;227.76787062047683;0;-1
2018-12-14 03:37:00;231.08441080291;0;-1
2018-12-14 03:38:00;233.53333333333333;0;-1
2018-12-14 03:39:00;233.5;0;-1
2018-12-14 03:40:00;233.56666666666663;0;-1
2018-12-14 03:41:00;233.63333333333333;0;-1
2018-12-14 03:42:00;233.7;0;-1
2018-12-14 03:43:00;233.86666666666665;0;-1
2018-12-14 03:44:00;234.03333333333333;0;-1
2018-12-14 03:45:00;234.2;0;-1
2018-12-14 03:46:00;233.9;0;-1
2018-12-14 03:47:00;233.6;0;-1
2018-12-14 03:48:00;233.3;0;-1
2018-12-14 03:49:00;233.26666666666668;0;-1
2018-12-14 03:50:00;233.2333333333333;0;-1
2018-12-14 03:51:00;233.2;0;-1
2018-12-14 03:52:00;233.16666666666663;0;-1
2018-12-14 03:53:00;233.13333333333333;0;-1
2018-12-14 03:54:00;233.1;0;-1
2018-12-14 03:55:00;233.0;0;-1
2018-12-14 03:56:00;232.9;0;-1
2018-12-14 03:57:00;232.8;0;-1
2018-12-14 03:58:00;232.8;0;-1
2018-12-14 03:59:00;232.8;0;-1
2018-12-14 04:00:00;232.8;0;-1
2018-12-14 04:01:00;233.03333333333333;0;-1
2018-12-14 04:02:00;233.26666666666668;0;-1
2018-12-14 04:03:00;233.5;0;-1
2018-12-14 04:04:00;233.53333333333333;0;-1
2018-12-14 04:05:00;233.56666666666663;0;-1
2018-12-14 04:06:00;233.6;0;-1
2018-12-14 04:07:00;233.5;0;-1
2018-12-14 04:08:00;233.4;0;-1
2018-12-14 04:09:00;233.3;0;-1
2018-12-14 04:10:00;233.5;0;-1
2018-12-14 04:11:00;233.7;0;-1
2018-12-14 04:12:00;233.9;0;-1
2018-12-14 04:13:00;233.96666666666667;0;-1
2018-12-14 04:14:00;234.03333333333333;0;-1
2018-12-14 04:15:00;234.1;0;-1
2018-12-14 04:16:00;233.9;0;-1
2018-12-14 04:17:00;233.7;0;-1
2018-12-14 04:18:00;233.5;0;-1
2018-12-14 04:19:00;233.26666666666665;0;-1
2018-12-14 04:20:00;233.03333333333333;0;-1
2018-12-14 04:21:00;232.8;0;-1
2018-12-14 04:22:00;232.56666666666663;0;-1
2018-12-14 04:23:00;232.3333333333333;0;-1
2018-12-14 04:24:00;232.1;0;-1
2018-12-14 04:25:00;232.0;0;-1
2018-12-14 04:26:00;231.9;0;-1
2018-12-14 04:27:00;231.8;0;-1
2018-12-14 04:28:00;231.76666666666668;0;-1
2018-12-14 04:29:00;231.7333333333333;0;-1
2018-12-14 04:30:00;231.7;0;-1
2018-12-14 04:31:00;231.6;0;-1
2018-12-14 04:32:00;231.5;0;-1
2018-12-14 04:33:00;231.4;0;-1
2018-12-14 04:34:00;231.53333333333333;0;-1
2018-12-14 04:35:00;231.66666666666669;0;-1
2018-12-14 04:36:00;231.25206109139515;0;-1
2018-12-14 04:37:00;229.83802812106316;0;-1
2018-12-14 04:38:00;229.73911753836367;0;-1
2018-12-14 04:39:00;228.9132229897802;0;-1
2018-12-14 04:40:00;228.87340611182117;0;-1
2018-12-14 04:41:00;228.8419300753335;0;-1
2018-12-14 04:42:00;228.17409403691084;0;-1
2018-12-14 04:43:00;228.13790029933202;0;-1
2018-12-14 04:44:00;228.1277734104893;0;-1
2018-12-14 04:45:00;227.7976632432137;0;-1
2018-12-14 04:46:00;227.4880434774207;0;-1
2018-12-14 04:47:00;227.48513096948972;0;-1
2018-12-14 04:48:00;227.1338131158133;0;-1
2018-12-14 04:49:00;227.0799867377957;0;-1
2018-12-14 04:50:00;226.80931962146286;0;-1
2018-12-14 04:51:00;226.5746289077149;0;-1
2018-12-14 04:52:00;226.4767954623544;0;-1
2018-12-14 04:53:00;226.514717655713;0;-1
2018-12-14 04:54:00;227.15707987556783;0;-1
2018-12-14 04:55:00;227.5413967289326;0;-1
2018-12-14 04:56:00;227.8616476112146;0;-1
2018-12-14 04:57:00;227.89014341011088;0;-1
2018-12-14 04:58:00;227.9265745020277;0;-1
2018-12-14 04:59:00;227.94413983667053;0;-1
2018-12-14 05:00:00;228.98761876850827;0;-1
2018-12-14 05:01:00;229.11596856709235;0;-1
2018-12-14 05:02:00;229.1477979500489;0;-1
2018-12-14 05:03:00;229.28731619144162;0;-1
2018-12-14 05:04:00;229.5315712219856;0;-1
2018-12-14 05:05:00;229.65573717852646;0;-1
2018-12-14 05:06:00;229.6717082779501;0;-1
2018-12-14 05:07:00;230.6719635272273;0;-1
2018-12-14 05:08:00;230.94384250644984;0;-1
2018-12-14 05:09:00;230.99997973026456;0;-1
2018-12-14 05:10:00;231.21049647160103;0;-1
2018-12-14 05:11:00;231.3111350563129;0;-1
2018-12-14 05:12:00;231.74087699439;0;-1
2018-12-14 05:13:00;231.74928753139042;0;-1
2018-12-14 05:14:00;232.16666666666663;0;-1
2018-12-14 05:15:00;232.2;0;-1
2018-12-14 05:16:00;232.26666666666665;0;-1
2018-12-14 05:17:00;232.33333333333331;0;-1
2018-12-14 05:18:00;232.4;0;-1
2018-12-14 05:19:00;232.16666666666663;0;-1
2018-12-14 05:20:00;231.9333333333333;0;-1
2018-12-14 05:21:00;231.7;0;-1
2018-12-14 05:22:00;231.7333333333333;0;-1
2018-12-14 05:23:00;231.76666666666668;0;-1
2018-12-14 05:24:00;231.8;0;-1
2018-12-14 05:25:00;231.86666666666667;0;-1
2018-12-14 05:26:00;231.9333333333333;0;-1
2018-12-14 05:27:00;232.0;0;-1
2018-12-14 05:28:00;232.06666666666663;0;-1
2018-12-14 05:29:00;232.13333333333333;0;-1
2018-12-14 05:30:00;232.2;0;-1
2018-12-14 05:31:00;232.26666666666668;0;-1
2018-12-14 05:32:00;232.33333333333331;0;-1
2018-12-14 05:33:00;232.4;0;-1
2018-12-14 05:34:00;232.13333333333333;0;-1
2018-12-14 05:35:00;231.86666666666667;0;-1
2018-12-14 05:36:00;231.6;0;-1
2018-12-14 05:37:00;231.4333333333333;0;-1
2018-12-14 05:38:00;231.26666666666665;0;-1
2018-12-14 05:39:00;231.1;0;-1
2018-12-14 05:40:00;231.03333333333333;0;-1
2018-12-14 05:41:00;230.96666666666667;0;-1
2018-12-14 05:42:00;230.9;0;-1
2018-12-14 05:43:00;230.83333333333331;0;-1
2018-12-14 05:44:00;230.76666666666665;0;-1
2018-12-14 05:45:00;230.7;0;-1
2018-12-14 05:46:00;230.5;0;-1
2018-12-14 05:47:00;230.3;0;-1
2018-12-14 05:48:00;230.1;0;-1
2018-12-14 05:49:00;230.33333333333331;0;-1
2018-12-14 05:50:00;230.56666666666663;0;-1
2018-12-14 05:51:00;230.8;0;-1
2018-12-14 05:52:00;230.83333333333331;0;-1
2018-12-14 05:53:00;230.86666666666667;0;-1
2018-12-14 05:54:00;230.9;0;-1
2018-12-14 05:55:00;230.9333333333333;0;-1
2018-12-14 05:56:00;230.96666666666667;0;-1
2018-12-14 05:57:00;231.0;0;-1
2018-12-14 05:58:00;231.13333333333333;0;0
2018-12-14 05:59:00;231.26666666666668;0;-1
2018-12-14 06:00:00;231.4;0;-1
2018-12-14 06:01:00;228.24585899490432;2;1
2018-12-14 06:02:00;226.38295739783277;2;-1
2018-12-14 06:03:00;222.87315414966736;2;-1
2018-12-14 06:04:00;222.0102215239109;2;-1
2018-12-14 06:05:00;220.59705125398887;2;-1
2018-12-14 06:06:00;220.1938785089703;2;-1
2018-12-14 06:07:00;219.25068880962087;2;-1
2018-12-14 06:08:00;217.85666422009731;2;-1
2018-12-14 06:09:00;215.9545986517947;2;-1
2018-12-14 06:10:00;215.45096835941501;2;-1
2018-12-14 06:11:00;215.1342478198967;2;-1
2018-12-14 06:12:00;212.90033614340285;2;-1
2018-12-14 06:13:00;211.47686585576992;2;1
2018-12-14 06:14:00;209.2454782097804;1;0
2018-12-14 06:15:00;210.82365717456864;0;-1
2018-12-14 06:16:00;212.1052351180261;0;-1
2018-12-14 06:17:00;213.47407049912425;0;-1
2018-12-14 06:18:00;214.85270887022045;0;-1
2018-12-14 06:19:00;217.68023735681197;0;-1
2018-12-14 06:20:00;218.85540804072068;0;-1
2018-12-14 06:21:00;219.03704139844257;0;-1
2018-12-14 06:22:00;219.09065731041062;0;-1
2018-12-14 06:23:00;219.1861370948624;0;-1
2018-12-14 06:24:00;224.47547753850785;0;-1
2018-12-14 06:25:00;226.11110847205708;0;-1
2018-12-14 06:26:00;226.1844442518943;0;-1
2018-12-14 06:27:00;226.584084381281;0;-1
2018-12-14 06:28:00;226.85112158869993;0;-1
2018-12-14 06:29:00;227.5680848826798;0;-1
2018-12-14 06:30:00;228.6076443878651;0;-1
2018-12-14 06:31:00;228.80523538635674;0;-1
2018-12-14 06:32:00;230.23078625345227;0;-1
2018-12-14 06:33:00;230.66022857882504;0;-1
2018-12-14 06:34:00;230.26666666666668;0;-1
2018-12-14 06:35:00;230.2333333333333;0;-1
2018-12-14 06:36:00;230.2;0;-1
2018-12-14 06:37:00;230.1;0;-1
2018-12-14 06:38:00;230.0;0;-1
2018-12-14 06:39:00;229.9;0;-1
2018-12-14 06:40:00;229.83333333333331;0;-1
2018-12-14 06:41:00;229.76666666666665;0;-1
2018-12-14 06:42:00;229.7;0;-1
2018-12-14 06:43:00;229.8;0;-1
2018-12-14 06:44:00;229.9;0;-1
2018-12-14 06:45:00;230.0;0;-1
2018-12-14 06:46:00;229.9;0;-1
2018-12-14 06:47:00;229.8;0;-1
2018-12-14 06:48:00;229.7;0;-1
2018-12-14 06:49:00;229.7333333333333;0;-1
2018-12-14 06:50:00;229.76666666666668;0;-1
2018-12-14 06:51:00;229.8;0;-1
2018-12-14 06:52:00;229.66666666666669;0;-1
2018-12-14 06:53:00;229.53333333333333;0;-1
2018-12-14 06:54:00;229.4;0;-1
2018-12-14 06:55:00;229.53333333333333;0;-1
2018-12-14 06:56:00;229.66666666666669;0;-1
2018-12-14 06:57:00;229.8;0;-1
2018-12-14 06:58:00;229.9333333333333;0;-1
2018-12-14 06:59:00;230.06666666666663;0;-1
2018-12-14 07:00:00;230.2;0;-1
2018-12-14 07:01:00;230.1;0;-1
2018-12-14 07:02:00;230.0;0;-1
2018-12-14 07:03:00;229.9;0;-1
2018-12-14 07:04:00;229.7;0;-1
2018-12-14 07:05:00;229.5;0;-1
2018-12-14 07:06:00;229.3;0;-1
2018-12-14 07:07:00;229.1;0;-1
2018-12-14 07:08:00;228.9;0;-1
2018-12-14 07:09:00;228.7;0;-1
2018-12-14 07:10:00;229.4;0;-1
2018-12-14 07:11:00;230.1;0;-1
2018-12-14 07:12:00;230.8;0;-1
2018-12-14 07:13:00;231.56666666666663;0;-1
2018-12-14 07:14:00;232.33333333333331;0;-1
2018-12-14 07:15:00;233.1;0;-1
2018-12-14 07:16:00;233.2;0;-1
2018-12-14 07:17:00;233.3;0;-1
2018-12-14 07:18:00;233.4;0;-1
2018-12-14 07:19:00;233.26666666666668;0;-1
2018-12-14 07:20:00;233.13333333333333;0;-1
2018-12-14 07:21:00;233.0;0;-1
2018-12-14 07:22:00;233.03333333333333;0;-1
2018-12-14 07:23:00;233.06666666666663;0;-1
2018-12-14 07:24:00;233.1;0;-1
2018-12-14 07:25:00;233.2;0;-1
2018-12-14 07:26:00;233.3;0;-1
2018-12-14 07:27:00;233.4;0;-1
2018-12-14 07:28:00;233.4;0;-1
2018-12-14 07:29:00;233.4;0;-1
2018-12-14 07:30:00;233.4;0;-1
2018-12-14 07:31:00;233.26666666666668;0;-1
2018-12-14 07:32:00;233.13333333333333;0;-1
2018-12-14 07:33:00;233.0;0;-1
2018-12-14 07:34:00;232.7333333333333;0;-1
2018-12-14 07:35:00;232.46666666666667;0;-1
2018-12-14 07:36:00;232.2;0;-1
2018-12-14 07:37:00;231.96666666666667;0;-1
2018-12-14 07:38:00;231.7333333333333;0;-1
2018-12-14 07:39:00;231.5;0;-1
2018-12-14 07:40:00;231.86666666666667;0;-1
2018-12-14 07:41:00;232.2333333333333;0;-1
2018-12-14 07:42:00;232.6;0;-1
2018-12-14 07:43:00;232.76666666666665;0;-1
2018-12-14 07:44:00;232.9333333333333;0;-1
2018-12-14 07:45:00;233.1;0;-1
2018-12-14 07:46:00;233.03333333333333;0;-1
2018-12-14 07:47:00;232.96666666666667;0;-1
2018-12-14 07:48:00;232.9;0;-1
2018-12-14 07:49:00;232.56666666666663;0;-1
2018-12-14 07:50:00;232.23333333333332;0;-1
2018-12-14 07:51:00;231.9;0;-1
2018-12-14 07:52:00;232.06666666666663;0;-1
2018-12-14 07:53:00;232.23333333333332;0;-1
2018-12-14 07:54:00;232.4;0;-1
2018-12-14 07:55:00;232.3;0;-1
2018-12-14 07:56:00;232.2;0;-1
2018-12-14 07:57:00;232.1;0;-1
2018-12-14 07:58:00;232.26666666666665;0;-1
2018-12-14 07:59:00;232.4333333333333;0;-1
2018-12-14 08:00:00;231.86207859476607;0;-1
2018-12-14 08:01:00;231.85602505069372;0;-1
2018-12-14 08:02:00;231.61848378347938;0;-1
2018-12-14 08:03:00;231.07964365126682;0;-1
2018-12-14 08:04:00;230.897468063598;0;-1
2018-12-14 08:05:00;230.74812443474286;0;-1
2018-12-14 08:06:00;230.66712363700248;0;-1
2018-12-14 08:07:00;230.57105766860576;0;-1
2018-12-14 08:08:00;230.21935328865868;0;-1
2018-12-14 08:09:00;230.12768504551647;0;-1
2018-12-14 08:10:00;229.75225480665958;0;-1
2018-12-14 08:11:00;229.24066727537658;0;-1
2018-12-14 08:12:00;228.81501563174447;0;-1
2018-12-14 08:13:00;228.65727864152592;0;-1
2018-12-14 08:14:00;228.4741306899084;0;-1
2018-12-14 08:15:00;227.86908795386867;0;-1
2018-12-14 08:16:00;227.76355828531624;0;-1
2018-12-14 08:17:00;227.17985887408906;0;-1
2018-12-14 08:18:00;227.02722710629527;0;-1
2018-12-14 08:19:00;226.65832738518424;0;-1
2018-12-14 08:20:00;226.61009148920624;0;-1
2018-12-14 08:21:00;225.31484069253392;0;-1
2018-12-14 08:22:00;225.08144169638675;0;-1
2018-12-14 08:23:00;225.06237216110668;0;-1
2018-12-14 08:24:00;225.8268741570066;0;-1
2018-12-14 08:25:00;226.16254343485917;0;-1
2018-12-14 08:26:00;226.2414674615311;0;-1
2018-12-14 08:27:00;227.35187744476625;0;-1
2018-12-14 08:28:00;228.5717463331386;0;-1
2018-12-14 08:29:00;228.876230305067;0;-1
2018-12-14 08:30:00;230.0217268321172;0;-1
2018-12-14 08:31:00;231.0410779965757;0;-1
2018-12-14 08:32:00;232.4069818293436;0;-1
2018-12-14 08:33:00;231.2;0;-1
2018-12-14 08:34:00;231.16666666666663;0;-1
2018-12-14 08:35:00;231.13333333333333;0;-1
2018-12-14 08:36:00;231.1;0;-1
2018-12-14 08:37:00;231.13333333333333;0;-1
2018-12-14 08:38:00;231.16666666666663;0;-1
2018-12-14 08:39:00;231.2;0;-1
2018-12-14 08:40:00;231.16666666666663;0;-1
2018-12-14 08:41:00;231.13333333333333;0;-1
2018-12-14 08:42:00;231.1;0;-1
2018-12-14 08:43:00;231.36666666666667;0;-1
2018-12-14 08:44:00;231.63333333333333;0;-1
2018-12-14 08:45:00;231.9;0;-1
2018-12-14 08:46:00;231.9;0;-1
2018-12-14 08:47:00;231.9;0;-1
2018-12-14 08:48:00;231.9;0;-1
2018-12-14 08:49:00;231.73333333333332;0;-1
2018-12-14 08:50:00;231.56666666666663;0;-1
2018-12-14 08:51:00;231.4;0;-1
2018-12-14 08:52:00;231.4;0;0
2018-12-14 08:53:00;231.4;0;-1
2018-12-14 08:54:00;231.4;0;-1
2018-12-14 08:55:00;231.5298251587257;2;1
2018-12-14 08:56:00;232.2374325273196;2;-1
2018-12-14 08:57:00;232.49885699492037;2;-1
2018-12-14 08:58:00;232.55497261774727;2;-1
2018-12-14 08:59:00;232.94001960698586;2;-1
2018-12-14 09:00:00;232.95562257596316;2;-1
2018-12-14 09:01:00;233.09115316946136;2;-1
2018-12-14 09:02:00;233.49665380839082;2;-1
2018-12-14 09:03:00;233.5680591777332;2;-1
2018-12-14 09:04:00;233.9073794875067;2;-1
2018-12-14 09:05:00;234.64472645376827;2;-1
2018-12-14 09:06:00;235.61365855695323;2;-1
2018-12-14 09:07:00;235.61565840704964;2;-1
2018-12-14 09:08:00;235.63863883583898;2;-1
2018-12-14 09:09:00;235.81086416004916;2;-1
2018-12-14 09:10:00;236.18678563296643;2;-1
2018-12-14 09:11:00;236.91205002205052;2;-1
2018-12-14 09:12:00;238.49274128881046;2;-1
2018-12-14 09:13:00;238.808315784496;2;-1
2018-12-14 09:14:00;238.97281459913276;2;-1
2018-12-14 09:15:00;239.0759278979557;2;-1
2018-12-14 09:16:00;239.08669507826068;2;-1
2018-12-14 09:17:00;239.88901303617328;2;-1
2018-12-14 09:18:00;240.09589391933517;2;-1
2018-12-14 09:19:00;240.54327127212127;2;-1
2018-12-14 09:20:00;240.69205231427551;2;-1
2018-12-14 09:21:00;240.8354435210789;2;-1
2018-12-14 09:22:00;240.92185897015685;2;-1
2018-12-14 09:23:00;241.66561405955062;2;-1
2018-12-14 09:24:00;241.76168260584626;2;-1
2018-12-14 09:25:00;241.8450713686769;2;-1
2018-12-14 09:26:00;242.1708329967615;2;-1
2018-12-14 09:27:00;244.0679080703201;2;-1
2018-12-14 09:28:00;244.36368748677293;2;-1
2018-12-14 09:29:00;244.6906487903273;2;-1
2018-12-14 09:30:00;245.80179115889482;2;-1
2018-12-14 09:31:00;245.9694228122545;2;-1
2018-12-14 09:32:00;246.11047389213363;2;-1
2018-12-14 09:33:00;246.1455031209649;2;-1
2018-12-14 09:34:00;246.4211652472113;2;1
2018-12-14 09:35:00;247.1739638834124;1;0
2018-12-14 09:36:00;246.3419711521479;0;-1
2018-12-14 09:37:00;245.41785993139666;0;-1
2018-12-14 09:38:00;243.97575320090567;0;-1
2018-12-14 09:39:00;238.6197650974285;0;-1
2018-12-14 09:40:00;231.4;0;-1
2018-12-14 09:41:00;231.6;0;-1
2018-12-14 09:42:00;231.8;0;-1
2018-12-14 09:43:00;232.03333333333333;0;-1
2018-12-14 09:44:00;232.26666666666668;0;-1
2018-12-14 09:45:00;232.5;0;-1
2018-12-14 09:46:00;232.46666666666667;0;-1
2018-12-14 09:47:00;232.4333333333333;0;-1
2018-12-14 09:48:00;232.4;0;-1
2018-12-14 09:49:00;232.4333333333333;0;-1
2018-12-14 09:50:00;232.46666666666667;0;-1
2018-12-14 09:51:00;232.5;0;-1
2018-12-14 09:52:00;232.7333333333333;0;-1
2018-12-14 09:53:00;232.96666666666667;0;-1
2018-12-14 09:54:00;233.2;0;-1
2018-12-14 09:55:00;233.13333333333333;0;-1
2018-12-14 09:56:00;233.06666666666663;0;-1
2018-12-14 09:57:00;233.0;0;-1
2018-12-14 09:58:00;233.1;0;-1
2018-12-14 09:59:00;233.2;0;-1
2018-12-14 10:00:00;233.3;0;-1
2018-12-14 10:01:00;233.36666666666667;0;-1
2018-12-14 10:02:00;233.4333333333333;0;-1
2018-12-14 10:03:00;233.5;0;-1
2018-12-14 10:04:00;233.33333333333331;0;-1
2018-12-14 10:05:00;233.16666666666663;0;-1
2018-12-14 10:06:00;233.0;0;-1
2018-12-14 10:07:00;233.46666666666667;0;-1
2018-12-14 10:08:00;233.9333333333333;0;-1
2018-12-14 10:09:00;234.4;0;-1
2018-12-14 10:10:00;234.33333333333331;0;-1
2018-12-14 10:11:00;234.26666666666665;0;-1
2018-12-14 10:12:00;234.2;0;-1
2018-12-14 10:13:00;234.3333333333333;0;-1
2018-12-14 10:14:00;234.46666666666667;0;-1
2018-12-14 10:15:00;234.6;0;-1
2018-12-14 10:16:00;234.56666666666663;0;-1
2018-12-14 10:17:00;234.53333333333333;0;-1
2018-12-14 10:18:00;234.5;0;-1
2018-12-14 10:19:00;234.3;0;-1
2018-12-14 10:20:00;234.1;0;-1
2018-12-14 10:21:00;233.9;0;-1
2018-12-14 10:22:00;233.9333333333333;0;-1
2018-12-14 10:23:00;233.96666666666667;0;-1
2018-12-14 10:24:00;234.0;0;-1
2018-12-14 10:25:00;234.03333333333333;0;-1
2018-12-14 10:26:00;234.06666666666663;0;-1
2018-12-14 10:27:00;234.1;0;-1
2018-12-14 10:28:00;234.1;0;-1
2018-12-14 10:29:00;234.1;0;-1
2018-12-14 10:30:00;234.1;0;-1
2018-12-14 10:31:00;234.2333333333333;0;-1
2018-12-14 10:32:00;234.36666666666667;0;-1
2018-12-14 10:33:00;234.5;0;-1
2018-12-14 10:34:00;234.46666666666667;0;-1
2018-12-14 10:35:00;234.4333333333333;0;-1
2018-12-14 10:36:00;234.4;0;-1
2018-12-14 10:37:00;234.3;0;-1
2018-12-14 10:38:00;234.2;0;-1
2018-12-14 10:39:00;234.1;0;-1
2018-12-14 10:40:00;234.03333333333333;0;-1
2018-12-14 10:41:00;233.96666666666667;0;-1
2018-12-14 10:42:00;233.9;0;-1
2018-12-14 10:43:00;233.9333333333333;0;-1
2018-12-14 10:44:00;233.96666666666667;0;-1
2018-12-14 10:45:00;234.0;0;-1
2018-12-14 10:46:00;233.9;0;-1
2018-12-14 10:47:00;233.8;0;-1
2018-12-14 10:48:00;233.7;0;-1
2018-12-14 10:49:00;234.0;0;-1
2018-12-14 10:50:00;234.3;0;-1
2018-12-14 10:51:00;234.6;0;-1
2018-12-14 10:52:00;234.63333333333333;0;-1
2018-12-14 10:53:00;234.66666666666663;0;-1
2018-12-14 10:54:00;234.7;0;-1
2018-12-14 10:55:00;234.46666666666667;0;-1
2018-12-14 10:56:00;234.2333333333333;0;-1
2018-12-14 10:57:00;234.0;0;-1
2018-12-14 10:58:00;233.8;0;-1
2018-12-14 10:59:00;233.6;0;-1
2018-12-14 11:00:00;233.4;0;-1
2018-12-14 11:01:00;233.56666666666663;0;-1
2018-12-14 11:02:00;233.73333333333332;0;-1
2018-12-14 11:03:00;233.9;0;-1
2018-12-14 11:04:00;233.86666666666667;0;-1
2018-12-14 11:05:00;233.83333333333331;0;-1
2018-12-14 11:06:00;233.8;0;-1
2018-12-14 11:07:00;233.66666666666669;0;-1
2018-12-14 11:08:00;233.53333333333333;0;-1
2018-12-14 11:09:00;233.4;0;-1
2018-12-14 11:10:00;233.13333333333333;0;-1
2018-12-14 11:11:00;232.86666666666667;0;-1
2018-12-14 11:12:00;232.6;0;-1
2018-12-14 11:13:00;232.76666666666665;0;-1
2018-12-14 11:14:00;232.9333333333333;0;-1
2018-12-14 11:15:00;233.1;0;-1
2018-12-14 11:16:00;233.26666666666665;0;-1
2018-12-14 11:17:00;233.4333333333333;0;-1
2018-12-14 11:18:00;233.6;0;-1
2018-12-14 11:19:00;233.46666666666667;0;-1
2018-12-14 11:20:00;233.3333333333333;0;0
2018-12-14 11:21:00;233.2;0;-1
2018-12-14 11:22:00;233.3333333333333;0;-1
2018-12-14 11:23:00;232.94990827551786;2;1
2018-12-14 11:24:00;230.30332689200574;2;-1
2018-12-14 11:25:00;230.1672423934964;2;-1
2018-12-14 11:26:00;225.4966534020578;2;-1
2018-12-14 11:27:00;222.5807774195064;2;-1
2018-12-14 11:28:00;219.9527215190808;2;-1
2018-12-14 11:29:00;219.75493010703144;2;-1
2018-12-14 11:30:00;219.61710916328892;2;-1
2018-12-14 11:31:00;219.0450651560764;2;-1
2018-12-14 11:32:00;218.53861282692446;2;-1
2018-12-14 11:33:00;216.44314825692555;2;-1
2018-12-14 11:34:00;214.91976986602555;2;-1
2018-12-14 11:35:00;210.86167287662357;2;1
2018-12-14 11:36:00;207.70900454297438;1;0
2018-12-14 11:37:00;208.27077338500388;0;-1
2018-12-14 11:38:00;213.23997757414716;0;-1
2018-12-14 11:39:00;213.4290921238538;0;-1
2018-12-14 11:40:00;220.43074798643727;0;-1
2018-12-14 11:41:00;221.85978369556457;0;-1
2018-12-14 11:42:00;224.44695610225966;0;-1
2018-12-14 11:43:00;234.06666666666663;0;-1
2018-12-14 11:44:00;234.13333333333333;0;-1
2018-12-14 11:45:00;234.2;0;-1
2018-12-14 11:46:00;234.3;0;-1
2018-12-14 11:47:00;234.4;0;-1
2018-12-14 11:48:00;234.5;0;-1
2018-12-14 11:49:00;234.5;0;-1
2018-12-14 11:50:00;234.5;0;-1
2018-12-14 11:51:00;234.5;0;-1
2018-12-14 11:52:00;234.4333333333333;0;-1
2018-12-14 11:53:00;234.36666666666667;0;-1
2018-12-14 11:54:00;234.3;0;-1
2018-12-14 11:55:00;234.23333333333332;0;-1
2018-12-14 11:56:00;234.16666666666663;0;-1
2018-12-14 11:57:00;234.1;0;-1
2018-12-14 11:58:00;234.53333333333333;0;-1
2018-12-14 11:59:00;234.96666666666667;0;-1
2018-12-14 12:00:00;235.4;0;-1
2018-12-14 12:01:00;235.2;0;-1
2018-12-14 12:02:00;235.0;0;-1
2018-12-14 12:03:00;234.8;0;-1
2018-12-14 12:04:00;234.9;0;-1
2018-12-14 12:05:00;235.0;0;-1
2018-12-14 12:06:00;235.1;0;-1
2018-12-14 12:07:00;235.06666666666663;0;-1
2018-12-14 12:08:00;235.03333333333333;0;-1
2018-12-14 12:09:00;235.0;0;-1
2018-12-14 12:10:00;234.9333333333333;0;-1
2018-12-14 12:11:00;234.86666666666667;0;-1
2018-12-14 12:12:00;234.8;0;-1
2018-12-14 12:13:00;235.1;0;-1
2018-12-14 12:14:00;235.4;0;-1
2018-12-14 12:15:00;235.7;0;-1
2018-12-14 12:16:00;236.1;0;-1
2018-12-14 12:17:00;236.5;0;-1
2018-12-14 12:18:00;236.9;0;-1
2018-12-14 12:19:00;236.3;0;-1
2018-12-14 12:20:00;235.7;0;-1
2018-12-14 12:21:00;235.1;0;-1
2018-12-14 12:22:00;235.6;0;-1
2018-12-14 12:23:00;236.1;0;-1
2018-12-14 12:24:00;236.6;0;-1
2018-12-14 12:25:00;236.7;0;-1
2018-12-14 12:26:00;236.8;0;-1
2018-12-14 12:27:00;236.9;0;-1
2018-12-14 12:28:00;236.96666666666667;0;-1
2018-12-14 12:29:00;237.03333333333333;0;-1
2018-12-14 12:30:00;237.1;0;-1
2018-12-14 12:31:00;237.03333333333333;0;-1
2018-12-14 12:32:00;236.96666666666667;0;-1
2018-12-14 12:33:00;236.9;0;-1
2018-12-14 12:34:00;237.03333333333333;0;-1
2018-12-14 12:35:00;237.16666666666669;0;-1
2018-12-14 12:36:00;234.6375214204517;0;-1
2018-12-14 12:37:00;233.5310303838902;0;-1
2018-12-14 12:38:00;233.48694752273744;0;-1
2018-12-14 12:39:00;232.9215917569001;0;-1
2018-12-14 12:40:00;232.83936226709957;0;-1
2018-12-14 12:41:00;232.7178620529762;0;-1
2018-12-14 12:42:00;231.71479816555998;0;-1
2018-12-14 12:43:00;231.63849010361167;0;-1
2018-12-14 12:44:00;231.54758511290325;0;-1
2018-12-14 12:45:00;231.0746854231405;0;-1
2018-12-14 12:46:00;229.98949649124847;0;-1
2018-12-14 12:47:00;229.85785656622417;0;-1
2018-12-14 12:48:00;229.62864864268883;0;-1
2018-12-14 12:49:00;228.3386035183029;0;-1
2018-12-14 12:50:00;227.99288442604256;0;-1
2018-12-14 12:51:00;227.67690013090302;0;-1
2018-12-14 12:52:00;227.4501714636369;0;-1
2018-12-14 12:53:00;226.8989940866037;0;-1
2018-12-14 12:54:00;226.27634360979596;0;-1
2018-12-14 12:55:00;225.94811053485992;0;-1
2018-12-14 12:56:00;224.9206690762603;0;-1
2018-12-14 12:57:00;224.85452335289727;0;-1
2018-12-14 12:58:00;224.79371153466641;0;-1
2018-12-14 12:59:00;224.73287686734557;0;-1
2018-12-14 13:00:00;224.12738548010327;0;-1
2018-12-14 13:01:00;222.8918812914851;0;-1
2018-12-14 13:02:00;222.88006591996128;0;-1
2018-12-14 13:03:00;222.7166494416592;0;-1
2018-12-14 13:04:00;223.66985823430343;0;-1
2018-12-14 13:05:00;224.1867709712454;0;-1
2018-12-14 13:06:00;226.9487449801025;0;-1
2018-12-14 13:07:00;227.62598130731067;0;-1
2018-12-14 13:08:00;227.80636043684424;0;-1
2018-12-14 13:09:00;230.32147516394627;0;-1
2018-12-14 13:10:00;231.42489409800754;0;-1
2018-12-14 13:11:00;232.98855185117256;0;-1
2018-12-14 13:12:00;233.07404619408157;0;-1
2018-12-14 13:13:00;233.2954000907636;0;-1
2018-12-14 13:14:00;235.00183122031942;0;-1
2018-12-14 13:15:00;237.7;0;-1
2018-12-14 13:16:00;237.63333333333333;0;-1
2018-12-14 13:17:00;237.56666666666663;0;-1
2018-12-14 13:18:00;237.5;0;-1
2018-12-14 13:19:00;237.4;0;-1
2018-12-14 13:20:00;237.3;0;-1
2018-12-14 13:21:00;237.2;0;-1
2018-12-14 13:22:00;237.26666666666665;0;-1
2018-12-14 13:23:00;237.33333333333331;0;-1
2018-12-14 13:24:00;237.4;0;-1
2018-12-14 13:25:00;237.4333333333333;0;-1
2018-12-14 13:26:00;237.46666666666667;0;-1
2018-12-14 13:27:00;237.5;0;-1
2018-12-14 13:28:00;237.26666666666668;0;-1
2018-12-14 13:29:00;237.03333333333333;0;-1
2018-12-14 13:30:00;236.8;0;-1
2018-12-14 13:31:00;236.8;0;-1
2018-12-14 13:32:00;236.8;0;-1
2018-12-14 13:33:00;236.8;0;-1
2018-12-14 13:34:00;236.53333333333333;0;-1
2018-12-14 13:35:00;236.26666666666668;0;-1
2018-12-14 13:36:00;236.0;0;-1
2018-12-14 13:37:00;236.2;0;-1
2018-12-14 13:38:00;236.4;0;-1
2018-12-14 13:39:00;236.6;0;-1
2018-12-14 13:40:00;236.5;0;-1
2018-12-14 13:41:00;236.4;0;-1
2018-12-14 13:42:00;236.3;0;-1
2018-12-14 13:43:00;236.5;0;-1
2018-12-14 13:44:00;236.7;0;-1
2018-12-14 13:45:00;236.9;0;-1
2018-12-14 13:46:00;236.96666666666667;0;-1
2018-12-14 13:47:00;237.03333333333333;0;-1
2018-12-14 13:48:00;237.1;0;-1
2018-12-14 13:49:00;237.03333333333333;0;-1
2018-12-14 13:50:00;236.96666666666667;0;-1
2018-12-14 13:51:00;236.9;0;-1
2018-12-14 13:52:00;237.0;0;-1
2018-12-14 13:53:00;237.1;0;-1
2018-12-14 13:54:00;237.2;0;-1
2018-12-14 13:55:00;237.4333333333333;0;-1
2018-12-14 13:56:00;237.66666666666663;0;-1
2018-12-14 13:57:00;237.9;0;-1
2018-12-14 13:58:00;238.03333333333333;0;-1
2018-12-14 13:59:00;238.16666666666669;0;-1
2018-12-14 14:00:00;238.3;0;-1
2018-12-14 14:01:00;238.4;0;-1
2018-12-14 14:02:00;238.5;0;-1
2018-12-14 14:03:00;238.6;0;-1
2018-12-14 14:04:00;238.53333333333333;0;-1
2018-12-14 14:05:00;238.46666666666667;0;-1
2018-12-14 14:06:00;238.4;0;-1
2018-12-14 14:07:00;238.4333333333333;0;-1
2018-12-14 14:08:00;238.46666666666667;0;-1
2018-12-14 14:09:00;238.5;0;-1
2018-12-14 14:10:00;238.66666666666663;0;-1
2018-12-14 14:11:00;238.83333333333331;0;-1
2018-12-14 14:12:00;239.0;0;-1
2018-12-14 14:13:00;238.8;0;-1
2018-12-14 14:14:00;238.6;0;-1
2018-12-14 14:15:00;238.4;0;-1
2018-12-14 14:16:00;238.4333333333333;0;-1
2018-12-14 14:17:00;238.46666666666667;0;-1
2018-12-14 14:18:00;238.5;0;-1
2018-12-14 14:19:00;238.63333333333333;0;-1
2018-12-14 14:20:00;238.76666666666668;0;-1
2018-12-14 14:21:00;238.9;0;-1
2018-12-14 14:22:00;238.9333333333333;0;-1
2018-12-14 14:23:00;238.96666666666667;0;-1
2018-12-14 14:24:00;239.0;0;-1
2018-12-14 14:25:00;238.76666666666668;0;-1
2018-12-14 14:26:00;238.53333333333333;0;-1
2018-12-14 14:27:00;238.3;0;0
2018-12-14 14:28:00;238.33333333333331;0;-1
2018-12-14 14:29:00;238.36666666666667;0;-1
2018-12-14 14:30:00;235.83522173300963;2;1
2018-12-14 14:31:00;235.296971607362;2;-1
2018-12-14 14:32:00;232.96605460308623;2;-1
2018-12-14 14:33:00;232.0206642305082;2;-1
2018-12-14 14:34:00;230.7472671363511;2;-1
2018-12-14 14:35:00;220.7281408792666;2;-1
2018-12-14 14:36:00;219.1589316256704;2;-1
2018-12-14 14:37:00;218.56460401689858;2;-1
2018-12-14 14:38:00;218.00328770966757;2;-1
2018-12-14 14:39:00;216.1682597138488;2;-1
2018-12-14 14:40:00;213.12941102874592;2;-1
2018-12-14 14:41:00;211.2118312528197;2;-1
2018-12-14 14:42:00;208.9769823727224;2;-1
2018-12-14 14:43:00;207.9321549981864;2;1
2018-12-14 14:44:00;207.02721353054318;1;0
2018-12-14 14:45:00;207.28696921688214;0;-1
2018-12-14 14:46:00;207.68379820016395;0;-1
2018-12-14 14:47:00;209.2497295854612;0;-1
2018-12-14 14:48:00;210.4042543728692;0;-1
2018-12-14 14:49:00;210.452520336451;0;-1
2018-12-14 14:50:00;211.7063361584047;0;-1
2018-12-14 14:51:00;215.35338285084512;0;-1
2018-12-14 14:52:00;217.15087537200802;0;-1
2018-12-14 14:53:00;220.12954685883327;0;-1
2018-12-14 14:54:00;220.2196916468384;0;-1
2018-12-14 14:55:00;222.44078138328902;0;-1
2018-12-14 14:56:00;223.92992671420689;0;-1
2018-12-14 14:57:00;224.4592929205174;0;-1
2018-12-14 14:58:00;225.81862868323216;0;-1
2018-12-14 14:59:00;227.0715117060241;0;-1
2018-12-14 15:00:00;227.7654608907288;0;-1
2018-12-14 15:01:00;229.09172925122544;0;-1
2018-12-14 15:02:00;229.15722304287098;0;-1
2018-12-14 15:03:00;230.3351022459544;0;-1
2018-12-14 15:04:00;233.340610540488;0;-1
2018-12-14 15:05:00;235.48068826682768;0;-1
2018-12-14 15:06:00;235.5470352927769;0;-1
2018-12-14 15:07:00;236.1611603246793;0;-1
2018-12-14 15:08:00;236.6;0;-1
2018-12-14 15:09:00;236.6;0;-1
2018-12-14 15:10:00;236.5;0;-1
2018-12-14 15:11:00;236.4;0;-1
2018-12-14 15:12:00;236.3;0;-1
2018-12-14 15:13:00;236.36666666666667;0;-1
2018-12-14 15:14:00;236.4333333333333;0;-1
2018-12-14 15:15:00;236.5;0;-1
2018-12-14 15:16:00;236.33333333333331;0;-1
2018-12-14 15:17:00;236.16666666666663;0;-1
2018-12-14 15:18:00;236.0;0;-1
2018-12-14 15:19:00;236.0;0;-1
2018-12-14 15:20:00;236.0;0;-1
2018-12-14 15:21:00;236.0;0;-1
2018-12-14 15:22:00;236.26666666666668;0;-1
2018-12-14 15:23:00;236.53333333333333;0;-1
2018-12-14 15:24:00;236.8;0;-1
2018-12-14 15:25:00;236.66666666666669;0;-1
2018-12-14 15:26:00;236.53333333333333;0;-1
2018-12-14 15:27:00;236.4;0;-1
2018-12-14 15:28:00;236.36666666666667;0;-1
2018-12-14 15:29:00;236.33333333333331;0;-1
2018-12-14 15:30:00;236.3;0;-1
2018-12-14 15:31:00;236.2;0;-1
2018-12-14 15:32:00;236.1;0;-1
2018-12-14 15:33:00;236.0;0;-1
2018-12-14 15:34:00;235.86666666666667;0;-1
2018-12-14 15:35:00;235.7333333333333;0;-1
2018-12-14 15:36:00;235.6;0;-1
2018-12-14 15:37:00;235.46666666666667;0;-1
2018-12-14 15:38:00;235.3333333333333;0;-1
2018-12-14 15:39:00;235.2;0;-1
2018-12-14 15:40:00;235.2;0;-1
2018-12-14 15:41:00;235.2;0;-1
2018-12-14 15:42:00;235.2;0;-1
2018-12-14 15:43:00;235.3333333333333;0;-1
2018-12-14 15:44:00;235.46666666666667;0;-1
2018-12-14 15:45:00;235.6;0;-1
2018-12-14 15:46:00;235.7;0;-1
2018-12-14 15:47:00;235.8;0;-1
2018-12-14 15:48:00;235.9;0;-1
2018-12-14 15:49:00;235.83333333333331;0;-1
2018-12-14 15:50:00;235.76666666666665;0;-1
2018-12-14 15:51:00;235.7;0;-1
2018-12-14 15:52:00;235.3333333333333;0;-1
2018-12-14 15:53:00;234.96666666666667;0;-1
2018-12-14 15:54:00;234.6;0;-1
2018-12-14 15:55:00;234.76666666666665;0;-1
2018-12-14 15:56:00;234.9333333333333;0;-1
2018-12-14 15:57:00;235.1;0;-1
2018-12-14 15:58:00;235.1;0;-1
2018-12-14 15:59:00;235.1;0;-1
2018-12-14 16:00:00;235.1;0;-1
2018-12-14 16:01:00;235.1;0;-1
2018-12-14 16:02:00;235.1;0;-1
2018-12-14 16:03:00;235.1;0;-1
2018-12-14 16:04:00;235.03333333333333;0;-1
2018-12-14 16:05:00;234.96666666666667;0;-1
2018-12-14 16:06:00;234.9;0;-1
2018-12-14 16:07:00;234.53333333333333;0;-1
2018-12-14 16:08:00;234.16666666666669;0;-1
2018-12-14 16:09:00;233.8;0;0
2018-12-14 16:10:00;233.63333333333333;0;-1
2018-12-14 16:11:00;233.46666666666667;0;-1
2018-12-14 16:12:00;232.6864446185279;2;1
2018-12-14 16:13:00;232.55192221678436;2;-1
2018-12-14 16:14:00;231.2850523383423;2;-1
2018-12-14 16:15:00;231.27114765733657;2;-1
2018-12-14 16:16:00;228.36814756441143;2;-1
2018-12-14 16:17:00;228.0840582065653;2;-1
2018-12-14 16:18:00;226.68796747762366;2;-1
2018-12-14 16:19:00;225.76606745239772;2;-1
2018-12-14 16:20:00;225.19876488490345;2;-1
2018-12-14 16:21:00;225.07428952034283;2;-1
2018-12-14 16:22:00;221.26158653105338;2;-1
2018-12-14 16:23:00;220.7520849461169;2;-1
2018-12-14 16:24:00;218.6403794316847;2;1
2018-12-14 16:25:00;214.1383378117566;1;0
2018-12-14 16:26:00;215.17495959720702;0;-1
2018-12-14 16:27:00;215.6177303207644;0;-1
2018-12-14 16:28:00;215.90589448449143;0;-1
2018-12-14 16:29:00;215.94909961947081;0;-1
2018-12-14 16:30:00;216.082874115521;0;-1
2018-12-14 16:31:00;216.5406075580777;0;-1
2018-12-14 16:32:00;216.5547687318025;0;-1
2018-12-14 16:33:00;218.42897328502116;0;-1
2018-12-14 16:34:00;218.63457121923076;0;-1
2018-12-14 16:35:00;219.4305175009664;0;-1
2018-12-14 16:36:00;219.49946311761727;0;-1
2018-12-14 16:37:00;219.61504427165139;0;-1
2018-12-14 16:38:00;221.1308086015906;0;-1
2018-12-14 16:39:00;222.3477953298729;0;-1
2018-12-14 16:40:00;223.7451179727708;0;-1
2018-12-14 16:41:00;224.41601098385783;0;-1
2018-12-14 16:42:00;225.10423229845512;0;-1
2018-12-14 16:43:00;225.42474634324267;0;-1
2018-12-14 16:44:00;225.5481672558726;0;-1
2018-12-14 16:45:00;225.79535512203262;0;-1
2018-12-14 16:46:00;225.82703158888376;0;-1
2018-12-14 16:47:00;226.29720684462848;0;-1
2018-12-14 16:48:00;226.64799504282436;0;-1
2018-12-14 16:49:00;226.79818772306385;0;-1
2018-12-14 16:50:00;226.94032551243168;0;-1
2018-12-14 16:51:00;227.7452535953907;0;-1
2018-12-14 16:52:00;228.19792265618062;0;-1
2018-12-14 16:53:00;228.24970399463825;0;-1
2018-12-14 16:54:00;231.2700723867398;0;-1
2018-12-14 16:55:00;232.07167176721873;0;-1
2018-12-14 16:56:00;232.54486189965408;0;-1
2018-12-14 16:57:00;231.7;0;-1
2018-12-14 16:58:00;231.76666666666665;0;-1
2018-12-14 16:59:00;231.83333333333331;0;-1
2018-12-14 17:00:00;231.9;0;-1
2018-12-14 17:01:00;231.86666666666667;0;-1
2018-12-14 17:02:00;231.83333333333331;0;-1
2018-12-14 17:03:00;231.8;0;-1
2018-12-14 17:04:00;231.83333333333331;0;-1
2018-12-14 17:05:00;231.86666666666667;0;-1
2018-12-14 17:06:00;231.9;0;-1
2018-12-14 17:07:00;232.06666666666663;0;-1
2018-12-14 17:08:00;232.23333333333332;0;-1
2018-12-14 17:09:00;232.4;0;-1
2018-12-14 17:10:00;232.4;0;-1
2018-12-14 17:11:00;232.4;0;-1
2018-12-14 17:12:00;232.4;0;-1
2018-12-14 17:13:00;232.26666666666668;0;-1
2018-12-14 17:14:00;232.13333333333333;0;-1
2018-12-14 17:15:00;232.0;0;-1
2018-12-14 17:16:00;231.96666666666667;0;-1
2018-12-14 17:17:00;231.9333333333333;0;-1
2018-12-14 17:18:00;231.9;0;-1
2018-12-14 17:19:00;231.83333333333331;0;-1
2018-12-14 17:20:00;231.76666666666665;0;-1
2018-12-14 17:21:00;231.7;0;-1
2018-12-14 17:22:00;231.5;0;-1
2018-12-14 17:23:00;231.3;0;-1
2018-12-14 17:24:00;231.1;0;-1
2018-12-14 17:25:00;231.33333333333331;0;-1
2018-12-14 17:26:00;231.56666666666663;0;-1
2018-12-14 17:27:00;231.8;0;-1
2018-12-14 17:28:00;231.53333333333333;0;-1
2018-12-14 17:29:00;231.26666666666668;0;-1
2018-12-14 17:30:00;231.0;0;-1
2018-12-14 17:31:00;231.16666666666663;0;-1
2018-12-14 17:32:00;231.33333333333331;0;-1
2018-12-14 17:33:00;231.5;0;-1
2018-12-14 17:34:00;231.2333333333333;0;-1
2018-12-14 17:35:00;230.96666666666667;0;-1
2018-12-14 17:36:00;230.7;0;-1
2018-12-14 17:37:00;230.3333333333333;0;-1
2018-12-14 17:38:00;229.96666666666667;0;-1
2018-12-14 17:39:00;229.6;0;-1
2018-12-14 17:40:00;229.7;0;-1
2018-12-14 17:41:00;229.8;0;-1
2018-12-14 17:42:00;229.9;0;-1
2018-12-14 17:43:00;229.83333333333331;0;-1
2018-12-14 17:44:00;229.76666666666665;0;-1
2018-12-14 17:45:00;229.7;0;-1
2018-12-14 17:46:00;229.76666666666665;0;-1
2018-12-14 17:47:00;229.83333333333331;0;-1
2018-12-14 17:48:00;229.9;0;-1
2018-12-14 17:49:00;229.83333333333331;0;-1
2018-12-14 17:50:00;229.76666666666665;0;-1
2018-12-14 17:51:00;229.7;0;-1
2018-12-14 17:52:00;229.56666666666663;0;-1
2018-12-14 17:53:00;229.4333333333333;0;-1
2018-12-14 17:54:00;229.3;0;-1
2018-12-14 17:55:00;229.16666666666663;0;-1
2018-12-14 17:56:00;229.03333333333333;0;-1
2018-12-14 17:57:00;228.9;0;-1
2018-12-14 17:58:00;228.96666666666667;0;-1
2018-12-14 17:59:00;229.03333333333333;0;-1
2018-12-14 18:00:00;229.1;0;-1
2018-12-14 18:01:00;229.46666666666667;0;-1
2018-12-14 18:02:00;229.8333333333333;0;-1
2018-12-14 18:03:00;230.2;0;-1
2018-12-14 18:04:00;229.86666666666665;0;-1
2018-12-14 18:05:00;229.53333333333333;0;-1
2018-12-14 18:06:00;229.2;0;-1
2018-12-14 18:07:00;229.0;0;-1
2018-12-14 18:08:00;228.8;0;-1
2018-12-14 18:09:00;228.6;0;-1
2018-12-14 18:10:00;228.7;0;-1
2018-12-14 18:11:00;228.8;0;-1
2018-12-14 18:12:00;228.9;0;-1
2018-12-14 18:13:00;229.0;0;-1
2018-12-14 18:14:00;229.1;0;-1
2018-12-14 18:15:00;229.2;0;-1
2018-12-14 18:16:00;228.91666666666663;0;-1
2018-12-14 18:17:00;228.63333333333333;0;-1
2018-12-14 18:18:00;228.35;0;-1
2018-12-14 18:19:00;228.06666666666663;0;-1
2018-12-14 18:20:00;227.78333333333333;0;-1
2018-12-14 18:21:00;227.5;0;-1
2018-12-14 18:22:00;227.96666666666667;0;-1
2018-12-14 18:23:00;228.4333333333333;0;-1
2018-12-14 18:24:00;228.9;0;-1
2018-12-14 18:25:00;229.36666666666667;0;-1
2018-12-14 18:26:00;229.83333333333331;0;-1
2018-12-14 18:27:00;230.3;0;-1
2018-12-14 18:28:00;230.36666666666667;0;-1
2018-12-14 18:29:00;230.4333333333333;0;-1
2018-12-14 18:30:00;230.5;0;-1
2018-12-14 18:31:00;230.4333333333333;0;-1
2018-12-14 18:32:00;230.36666666666667;0;-1
2018-12-14 18:33:00;230.3;0;-1
2018-12-14 18:34:00;230.3;0;-1
2018-12-14 18:35:00;230.0482970993551;0;-1
2018-12-14 18:36:00;230.02519982255225;0;-1
2018-12-14 18:37:00;229.80816388336413;0;-1
2018-12-14 18:38:00;229.7541607299302;0;-1
2018-12-14 18:39:00;229.6848179353462;0;-1
2018-12-14 18:40:00;229.6361397164904;0;-1
2018-12-14 18:41:00;229.32447015282798;0;-1
2018-12-14 18:42:00;228.8524121505592;0;-1
2018-12-14 18:43:00;228.77963728654615;0;-1
2018-12-14 18:44:00;228.7698090730421;0;-1
2018-12-14 18:45:00;228.31854371680996;0;-1
2018-12-14 18:46:00;228.1073471977606;0;-1
2018-12-14 18:47:00;227.981726600467;0;-1
2018-12-14 18:48:00;227.94581417328658;0;-1
2018-12-14 18:49:00;227.7582748008731;0;-1
2018-12-14 18:50:00;227.57816595859367;0;-1
2018-12-14 18:51:00;227.24725385718475;0;-1
2018-12-14 18:52:00;227.17226438426587;0;-1
2018-12-14 18:53:00;227.0781791991936;0;-1
2018-12-14 18:54:00;227.0458754828674;0;-1
2018-12-14 18:55:00;226.803813806425;0;-1
2018-12-14 18:56:00;226.7282511333613;0;-1
2018-12-14 18:57:00;226.63672345410683;0;-1
2018-12-14 18:58:00;226.6094366603566;0;-1
2018-12-14 18:59:00;226.6041517379925;0;-1
2018-12-14 19:00:00;226.4531935678653;0;-1
2018-12-14 19:01:00;226.1777842556451;0;-1
2018-12-14 19:02:00;226.13985085246415;0;-1
2018-12-14 19:03:00;225.63669585735906;0;-1
2018-12-14 19:04:00;225.61642660595112;0;-1
2018-12-14 19:05:00;225.4800348438697;0;-1
2018-12-14 19:06:00;225.29758736592518;0;-1
2018-12-14 19:07:00;225.24800237639963;0;-1
2018-12-14 19:08:00;225.2413909218559;0;-1
2018-12-14 19:09:00;225.0738196135831;0;-1
2018-12-14 19:10:00;226.99776696399368;0;-1
2018-12-14 19:11:00;230.76666666666665;0;-1
2018-12-14 19:12:00;231.2;0;-1
2018-12-14 19:13:00;231.0;0;-1
2018-12-14 19:14:00;230.8;0;-1
2018-12-14 19:15:00;230.6;0;-1
2018-12-14 19:16:00;230.56666666666663;0;-1
2018-12-14 19:17:00;230.53333333333333;0;-1
2018-12-14 19:18:00;230.5;0;-1
2018-12-14 19:19:00;230.6;0;-1
2018-12-14 19:20:00;230.7;0;-1
2018-12-14 19:21:00;230.8;0;-1
2018-12-14 19:22:00;230.96666666666667;0;-1
2018-12-14 19:23:00;231.13333333333333;0;-1
2018-12-14 19:24:00;231.3;0;-1
2018-12-14 19:25:00;231.06666666666663;0;-1
2018-12-14 19:26:00;230.83333333333331;0;-1
2018-12-14 19:27:00;230.6;0;-1
2018-12-14 19:28:00;230.66666666666663;0;-1
2018-12-14 19:29:00;230.73333333333332;0;-1
2018-12-14 19:30:00;230.8;0;-1
2018-12-14 19:31:00;230.9;0;-1
2018-12-14 19:32:00;231.0;0;-1
2018-12-14 19:33:00;231.1;0;-1
2018-12-14 19:34:00;231.16666666666663;0;-1
2018-12-14 19:35:00;231.23333333333332;0;0
2018-12-14 19:36:00;231.3;0;-1
2018-12-14 19:37:00;231.5;0;-1
2018-12-14 19:38:00;233.06847049092036;2;1
2018-12-14 19:39:00;234.81339003821893;2;-1
2018-12-14 19:40:00;234.8956457879002;2;-1
2018-12-14 19:41:00;235.97731540794686;2;-1
2018-12-14 19:42:00;236.19711927891763;2;-1
2018-12-14 19:43:00;237.36937981093567;2;-1
2018-12-14 19:44:00;237.61156059110763;2;-1
2018-12-14 19:45:00;237.7894484722116;2;-1
2018-12-14 19:46:00;238.0046347586663;2;-1
2018-12-14 19:47:00;238.30166801034957;2;-1
2018-12-14 19:48:00;238.78842613350014;2;-1
2018-12-14 19:49:00;239.1790976514156;2;-1
2018-12-14 19:50:00;241.54439901458576;2;-1
2018-12-14 19:51:00;242.4789371988576;2;-1
2018-12-14 19:52:00;245.83360909180112;2;-1
2018-12-14 19:53:00;246.48027363875389;2;-1
2018-12-14 19:54:00;247.36817965286548;2;-1
2018-12-14 19:55:00;249.1341640013247;2;1
2018-12-14 19:56:00;250.60168748273983;1;0
2018-12-14 19:57:00;249.82053413905138;0;-1
2018-12-14 19:58:00;247.4357189854854;0;-1
2018-12-14 19:59:00;246.51398797097855;0;-1
2018-12-14 20:00:00;246.31263213142608;0;-1
2018-12-14 20:01:00;246.28463329850086;0;-1
2018-12-14 20:02:00;245.73150707711895;0;-1
2018-12-14 20:03:00;243.17012232551517;0;-1
2018-12-14 20:04:00;240.29359056123195;0;-1
2018-12-14 20:05:00;239.73778969368487;0;-1
2018-12-14 20:06:00;239.32967250188443;0;-1
2018-12-14 20:07:00;239.1951230551281;0;-1
2018-12-14 20:08:00;238.70619824257042;0;-1
2018-12-14 20:09:00;238.5953126212594;0;-1
2018-12-14 20:10:00;237.1906813359718;0;-1
2018-12-14 20:11:00;236.57391268897723;0;-1
2018-12-14 20:12:00;236.3467062621081;0;-1
2018-12-14 20:13:00;236.24981324666425;0;-1
2018-12-14 20:14:00;236.23164846632682;0;-1
2018-12-14 20:15:00;235.82473600714252;0;-1
2018-12-14 20:16:00;235.1193045718105;0;-1
2018-12-14 20:17:00;234.02876213808617;0;-1
2018-12-14 20:18:00;232.2;0;-1
2018-12-14 20:19:00;232.13333333333333;0;-1
2018-12-14 20:20:00;232.06666666666663;0;-1
2018-12-14 20:21:00;232.0;0;-1
2018-12-14 20:22:00;231.96666666666667;0;-1
2018-12-14 20:23:00;231.9333333333333;0;-1
2018-12-14 20:24:00;231.9;0;-1
2018-12-14 20:25:00;231.6;0;-1
2018-12-14 20:26:00;231.3;0;-1
2018-12-14 20:27:00;231.0;0;-1
2018-12-14 20:28:00;231.0;0;-1
2018-12-14 20:29:00;231.0;0;-1
2018-12-14 20:30:00;231.0;0;-1
2018-12-14 20:31:00;231.03333333333333;0;-1
2018-12-14 20:32:00;231.06666666666663;0;-1
2018-12-14 20:33:00;231.1;0;-1
2018-12-14 20:34:00;231.2333333333333;0;-1
2018-12-14 20:35:00;231.36666666666667;0;-1
2018-12-14 20:36:00;231.5;0;-1
2018-12-14 20:37:00;231.6;0;-1
2018-12-14 20:38:00;231.7;0;-1
2018-12-14 20:39:00;231.8;0;-1
2018-12-14 20:40:00;231.86666666666667;0;-1
2018-12-14 20:41:00;231.9333333333333;0;-1
2018-12-14 20:42:00;232.0;0;-1
2018-12-14 20:43:00;231.86666666666667;0;-1
2018-12-14 20:44:00;231.7333333333333;0;-1
2018-12-14 20:45:00;231.6;0;-1
2018-12-14 20:46:00;231.96666666666667;0;-1
2018-12-14 20:47:00;232.3333333333333;0;-1
2018-12-14 20:48:00;232.7;0;-1
2018-12-14 20:49:00;232.7;0;-1
2018-12-14 20:50:00;232.7;0;-1
2018-12-14 20:51:00;232.7;0;-1
2018-12-14 20:52:00;232.56666666666663;0;-1
2018-12-14 20:53:00;232.4333333333333;0;-1
2018-12-14 20:54:00;232.3;0;-1
2018-12-14 20:55:00;232.26666666666668;0;-1
2018-12-14 20:56:00;232.2333333333333;0;-1
2018-12-14 20:57:00;232.2;0;-1
2018-12-14 20:58:00;232.13333333333333;0;-1
2018-12-14 20:59:00;232.06666666666663;0;-1
2018-12-14 21:00:00;232.0;0;-1
2018-12-14 21:01:00;231.9333333333333;0;-1
2018-12-14 21:02:00;231.86666666666667;0;-1
2018-12-14 21:03:00;231.8;0;-1
2018-12-14 21:04:00;231.78333333333333;0;-1
2018-12-14 21:05:00;231.76666666666668;0;-1
2018-12-14 21:06:00;231.75;0;-1
2018-12-14 21:07:00;231.7333333333333;0;-1
2018-12-14 21:08:00;231.71666666666667;0;-1
2018-12-14 21:09:00;231.7;0;-1
2018-12-14 21:10:00;231.56666666666663;0;-1
2018-12-14 21:11:00;231.4333333333333;0;-1
2018-12-14 21:12:00;231.3;0;-1
2018-12-14 21:13:00;231.23333333333332;0;-1
2018-12-14 21:14:00;231.16666666666663;0;-1
2018-12-14 21:15:00;231.1;0;-1
2018-12-14 21:16:00;231.2333333333333;0;-1
2018-12-14 21:17:00;231.36666666666667;0;0
2018-12-14 21:18:00;231.5;0;-1
2018-12-14 21:19:00;231.63333333333333;0;-1
2018-12-14 21:20:00;216.565004380522;2;1
2018-12-14 21:21:00;212.6480343714177;2;-1
2018-12-14 21:22:00;210.67434005048668;2;1
2018-12-14 21:23:00;210.5470774634324;1;0
2018-12-14 21:24:00;211.02950324709246;0;-1
2018-12-14 21:25:00;212.23419150687684;0;-1
2018-12-14 21:26:00;212.85269130899562;0;-1
2018-12-14 21:27:00;213.57733100556717;0;-1
2018-12-14 21:28:00;215.50301335826916;0;-1
2018-12-14 21:29:00;221.4435437139468;0;-1
2018-12-14 21:30:00;221.46776515067418;0;-1
2018-12-14 21:31:00;221.66610689770846;0;-1
2018-12-14 21:32:00;221.8373623217807;0;-1
2018-12-14 21:33:00;223.53857201741096;0;-1
2018-12-14 21:34:00;223.5575177976115;0;-1
2018-12-14 21:35:00;224.05706546297432;0;-1
2018-12-14 21:36:00;224.386651824734;0;-1
2018-12-14 21:37:00;225.42708388927517;0;-1
2018-12-14 21:38:00;228.33465687934762;0;-1
2018-12-14 21:39:00;228.77805939759546;0;-1
2018-12-14 21:40:00;230.63825585383202;0;-1
2018-12-14 21:41:00;232.9333333333333;0;-1
2018-12-14 21:42:00;233.2;0;-1
2018-12-14 21:43:00;233.26666666666665;0;-1
2018-12-14 21:44:00;233.33333333333331;0;-1
2018-12-14 21:45:00;233.4;0;-1
2018-12-14 21:46:00;233.26666666666668;0;-1
2018-12-14 21:47:00;233.13333333333333;0;-1
2018-12-14 21:48:00;233.0;0;-1
2018-12-14 21:49:00;232.96666666666667;0;-1
2018-12-14 21:50:00;232.9333333333333;0;-1
2018-12-14 21:51:00;232.9;0;-1
2018-12-14 21:52:00;232.9333333333333;0;-1
2018-12-14 21:53:00;232.96666666666667;0;-1
2018-12-14 21:54:00;233.0;0;-1
2018-12-14 21:55:00;232.8;0;-1
2018-12-14 21:56:00;232.6;0;-1
2018-12-14 21:57:00;232.4;0;-1
2018-12-14 21:58:00;232.4;0;-1
2018-12-14 21:59:00;232.4;0;-1
2018-12-14 22:00:00;232.4;0;-1
2018-12-14 22:01:00;232.4333333333333;0;-1
2018-12-14 22:02:00;232.46666666666667;0;-1
2018-12-14 22:03:00;232.5;0;-1
2018-12-14 22:04:00;232.4333333333333;0;-1
2018-12-14 22:05:00;232.36666666666667;0;-1
2018-12-14 22:06:00;232.3;0;-1
2018-12-14 22:07:00;232.2;0;-1
2018-12-14 22:08:00;232.1;0;-1
2018-12-14 22:09:00;232.0;0;-1
2018-12-14 22:10:00;231.9333333333333;0;-1
2018-12-14 22:11:00;231.86666666666667;0;-1
2018-12-14 22:12:00;231.8;0;-1
2018-12-14 22:13:00;232.0;0;-1
2018-12-14 22:14:00;232.2;0;-1
2018-12-14 22:15:00;232.4;0;-1
2018-12-14 22:16:00;232.53333333333333;0;-1
2018-12-14 22:17:00;232.66666666666669;0;-1
2018-12-14 22:18:00;232.8;0;-1
2018-12-14 22:19:00;232.06666666666663;0;-1
2018-12-14 22:20:00;231.33333333333331;0;-1
2018-12-14 22:21:00;230.6;0;-1
2018-12-14 22:22:00;230.8;0;-1
2018-12-14 22:23:00;231.0;0;-1
2018-12-14 22:24:00;231.2;0;-1
2018-12-14 22:25:00;231.16666666666663;0;-1
2018-12-14 22:26:00;231.13333333333333;0;-1
2018-12-14 22:27:00;231.1;0;-1
2018-12-14 22:28:00;231.2333333333333;0;-1
2018-12-14 22:29:00;231.36666666666667;0;-1
2018-12-14 22:30:00;231.5;0;-1
2018-12-14 22:31:00;231.63333333333333;0;-1
2018-12-14 22:32:00;231.76666666666668;0;-1
2018-12-14 22:33:00;231.9;0;-1
2018-12-14 22:34:00;231.86666666666667;0;-1
2018-12-14 22:35:00;231.83333333333331;0;-1
2018-12-14 22:36:00;231.8;0;-1
2018-12-14 22:37:00;232.03333333333333;0;-1
2018-12-14 22:38:00;232.26666666666668;0;-1
2018-12-14 22:39:00;232.5;0;-1
2018-12-14 22:40:00;232.5;0;-1
2018-12-14 22:41:00;232.5;0;-1
2018-12-14 22:42:00;232.0319455678181;0;-1
2018-12-14 22:43:00;229.78475833838328;0;-1
2018-12-14 22:44:00;228.5641589435301;0;-1
2018-12-14 22:45:00;228.3188836167242;0;-1
2018-12-14 22:46:00;225.95993667296975;0;-1
2018-12-14 22:47:00;225.37078349850879;0;-1
2018-12-14 22:48:00;225.30428658378182;0;-1
2018-12-14 22:49:00;224.62951241562092;0;-1
2018-12-14 22:50:00;222.38879240442142;0;-1
2018-12-14 22:51:00;221.96260145495555;0;-1
2018-12-14 22:52:00;222.69640254052368;0;-1
2018-12-14 22:53:00;223.45894397144832;0;-1
2018-12-14 22:54:00;224.47167166058654;0;-1
2018-12-14 22:55:00;224.5640224611724;0;-1
2018-12-14 22:56:00;224.67107160010102;0;-1
2018-12-14 22:57:00;229.01569611992173;0;-1
2018-12-14 22:58:00;230.6930970566949;0;-1
2018-12-14 22:59:00;231.28140377741212;0;-1
2018-12-14 23:00:00;233.4;0;-1
2018-12-14 23:01:00;233.16666666666663;0;-1
2018-12-14 23:02:00;232.9333333333333;0;-1
2018-12-14 23:03:00;232.7;0;-1
2018-12-14 23:04:00;232.63333333333333;0;-1
2018-12-14 23:05:00;232.56666666666663;0;-1
2018-12-14 23:06:00;232.5;0;-1
2018-12-14 23:07:00;232.8;0;-1
2018-12-14 23:08:00;233.1;0;-1
2018-12-14 23:09:00;233.4;0;-1
2018-12-14 23:10:00;233.56666666666663;0;-1
2018-12-14 23:11:00;233.73333333333332;0;-1
2018-12-14 23:12:00;233.9;0;-1
2018-12-14 23:13:00;232.73333333333332;0;-1
2018-12-14 23:14:00;231.56666666666663;0;-1
2018-12-14 23:15:00;230.4;0;-1
2018-12-14 23:16:00;230.76666666666668;0;-1
2018-12-14 23:17:00;231.13333333333333;0;-1
2018-12-14 23:18:00;231.5;0;-1
2018-12-14 23:19:00;231.66666666666663;0;-1
2018-12-14 23:20:00;231.83333333333331;0;-1
2018-12-14 23:21:00;232.0;0;-1
2018-12-14 23:22:00;232.0;0;-1
2018-12-14 23:23:00;232.0;0;-1
2018-12-14 23:24:00;232.0;0;-1
2018-12-14 23:25:00;231.96666666666667;0;-1
2018-12-14 23:26:00;231.9333333333333;0;-1
2018-12-14 23:27:00;231.9;0;-1
2018-12-14 23:28:00;232.23333333333332;0;-1
2018-12-14 23:29:00;232.56666666666663;0;-1
2018-12-14 23:30:00;232.9;0;-1
2018-12-14 23:31:00;231.83333333333331;0;-1
2018-12-14 23:32:00;230.76666666666665;0;-1
2018-12-14 23:33:00;229.7;0;-1
2018-12-14 23:34:00;229.7333333333333;0;-1
2018-12-14 23:35:00;229.76666666666668;0;-1
2018-12-14 23:36:00;229.8;0;-1
2018-12-14 23:37:00;229.76666666666668;0;-1
2018-12-14 23:38:00;229.7333333333333;0;-1
2018-12-14 23:39:00;229.7;0;-1
2018-12-14 23:40:00;229.6;0;-1
2018-12-14 23:41:00;229.5;0;-1
2018-12-14 23:42:00;229.4;0;-1
2018-12-14 23:43:00;229.53333333333333;0;-1
2018-12-14 23:44:00;229.66666666666669;0;-1
2018-12-14 23:45:00;229.8;0;-1
2018-12-14 23:46:00;229.9333333333333;0;-1
2018-12-14 23:47:00;230.06666666666663;0;-1
2018-12-14 23:48:00;230.2;0;-1
2018-12-14 23:49:00;230.2;0;-1
2018-12-14 23:50:00;230.2;0;-1
2018-12-14 23:51:00;230.2;0;-1
2018-12-14 23:52:00;230.56666666666663;0;-1
2018-12-14 23:53:00;230.9333333333333;0;-1
2018-12-14 23:54:00;231.3;0;-1
2018-12-14 23:55:00;231.33333333333331;0;-1
2018-12-14 23:56:00;231.36666666666667;0;-1
2018-12-14 23:57:00;231.4;0;-1
2018-12-14 23:58:00;231.56666666666663;0;-1
2018-12-14 23:59:00;231.73333333333332;0;-1
